,irreps_type,tensor_product_type,lmax,Time,GFLOPs,Tensor Core GFLOPs,GFLOPs/s,Tensor Core GFLOPs/s,DRAM Read GB,DRAM Write GB,DRAM Total GB,DRAM Throughput %
0,SISO,GTP-fourier,1,4.454298255544481e-05,2.10590660572052e-05,0.0,2.317046149200203,0.0,6.246566772460938e-05,0.0,6.246566772460938e-05,0.23
1,SISO,GTP-fourier,2,5.820812783024767e-05,0.000118255615234375,0.0,17.47063658919503,0.0,0.00018787384033203125,0.0,0.00018787384033203125,0.6142857142857144
2,SISO,GTP-fourier,3,9.54899047453939e-05,0.020458795130252838,0.0,413.8560537550481,0.0,0.0006158351898193359,0.0,0.0006158351898193359,1.772857142857143
