,irreps_type,tensor_product_type,lmax,Time,GFLOPs,Tensor Core GFLOPs,GFLOPs/s,Tensor Core GFLOPs/s,DRAM GB
1,SISO,CGTP-dense,2,4.384000000009284e-06,3.4924596548080444e-07,0.0,0.07966376949818997,0.0,5.245208740234375e-06
3,SISO,CGTP-dense,4,6.143999999971208e-06,6.8051740527153015e-06,0.0,1.1076129643143218,0.0,6.556510925292969e-06
5,SISO,CGTP-dense,6,7.968004676047497e-06,1.0906718671321869e-05,0.0,1.3688142909991503,0.0,1.2040138244628906e-05
7,SISO,CGTP-dense,8,7.999995330471301e-06,1.8495135009288788e-05,0.0,2.311893225592569,0.0,2.288818359375e-05
